1,-8423.828666
2,-8479.258269
3,-8533.741266
4,-8585.579007
5,-8633.309619
6,-8675.775601
7,-8712.143753
8,-8741.889533
9,-8764.766739
10,-8780.783331
11,-8790.195539
12,-8793.51932
13,-8791.546583
14,-8785.348594
15,-8776.252188
16,-8765.783672
17,-8755.585498
18,-8747.316986
19,-8742.550482
20,-8742.66993
21,-8748.77396
22,-8761.583967
23,-8781.360962
24,-8807.841699
25,-8840.210607
26,-8877.124891
27,-8916.803205
28,-8957.174958
29,-8996.072311
30,-9031.436066
31,-9061.503958
32,-9084.955981
33,-9101.003106
34,-9109.417937
35,-9110.51392
36,-9105.082124
37,-9094.293312
38,-9079.571559
39,-9062.447114
40,-9044.401231
41,-9026.722028
42,-9010.394135
43,-8996.041961
44,-8983.935923
45,-8974.055748
46,-8966.190483
47,-8960.046802
48,-8955.338403
49,-8951.839064
50,-8949.395728
51,-8947.910064
52,-8947.302927
53,-8947.475266
54,-8948.273892
55,-8949.465305
56,-8950.718573
57,-8951.599836
58,-8951.5843
59,-8950.092858
60,-8946.556924
61,-8940.506508
62,-8931.666168
63,-8920.036092
64,-8905.935089
65,-8889.990107
66,-8873.070649
67,-8856.180912
68,-8840.331973
69,-8826.417613
70,-8815.111313
71,-8806.792694
72,-8801.50411
73,-8798.935517
74,-8798.437927
75,-8799.069695
76,-8799.681066
77,-8799.037771
78,-8795.97452
79,-8789.557925
80,-8779.231041
81,-8764.912087
82,-8747.02865
83,-8726.482588
84,-8704.554961
85,-8682.769561
86,-8662.73586
87,-8645.988789
88,-8633.83738
89,-8627.230853
90,-8626.651026
91,-8632.042781
92,-8642.796519
93,-8657.794131
94,-8675.521332
95,-8694.235854
96,-8712.167528
97,-8727.718005
98,-8739.628064
99,-8747.089176
100,-8749.789826
101,-8747.90067
102,-8742.011447
103,-8733.034858
104,-8722.090169
105,-8710.375608
106,-8699.037168
107,-8689.043544
108,-8681.081214
109,-8675.486556
110,-8672.229521
111,-8670.954474
112,-8671.070541
113,-8671.871227
114,-8672.656427
115,-8672.832056
116,-8671.972382
117,-8669.843213
118,-8666.394505
119,-8661.734801
120,-8656.096995
121,-8649.798825
122,-8643.196929
123,-8636.633566
124,-8630.380265
125,-8624.589657
126,-8619.270919
127,-8614.30162
128,-8609.479139
129,-8604.601429
130,-8599.555573
131,-8594.388141
132,-8589.336128
133,-8584.80932
134,-8581.329349
135,-8579.441621
136,-8579.619982
137,-8582.180577
138,-8587.214364
139,-8594.541562
140,-8603.689217
141,-8613.895056
142,-8624.144324
143,-8633.246906
144,-8639.956967
145,-8643.126676
146,-8641.873257
147,-8635.729937
148,-8624.75071
149,-8609.547402
150,-8591.252351
151,-8571.415406
152,-8551.854414
153,-8534.481296
154,-8521.122723
155,-8513.349291
156,-8512.323823
157,-8518.679936
158,-8532.444933
159,-8553.022944
160,-8579.250767
161,-8609.528446
162,-8642.01129
163,-8674.835195
164,-8706.338655
165,-8735.245976
166,-8760.78652
167,-8782.740068
168,-8801.412914
169,-8817.55857
170,-8832.259603
171,-8846.78523
172,-8862.436385
173,-8880.389215
174,-8901.550255
175,-8926.440194
176,-8955.124781
177,-8987.207713
178,-9021.890357
179,-9058.089362
180,-9094.5901
181,-9130.206565
182,-9163.919285
183,-9194.971495
184,-9222.916304
185,-9247.618846
186,-9269.223578
187,-9288.097225
188,-9304.754844
189,-9319.7736
190,-9333.699276
191,-9346.954495
192,-9359.762984
193,-9372.106742
194,-9383.729378
195,-9394.188731
196,-9402.948382
197,-9409.48631
198,-9413.394466
199,-9414.447369
200,-9412.628843
201,-9408.118928
202,-9401.252234
203,-9392.461598
204,-9382.217434
205,-9370.967278
206,-9359.07613
207,-9346.768906
208,-9334.081247
209,-9320.830754
210,-9306.622819
211,-9290.900436
212,-9273.036199
213,-9252.451196
214,-9228.735506
215,-9201.743002
216,-9171.640235
217,-9138.902318
218,-9104.262392
219,-9068.629889
220,-9032.99414
221,-8998.32566
222,-8965.481811
223,-8935.120779
224,-8907.629452
225,-8883.075389
226,-8861.196729
227,-8841.442097
228,-8823.063668
229,-8805.252434
230,-8787.290783
231,-8768.689597
232,-8749.279019
233,-8729.233552
234,-8709.029169
235,-8689.346086
236,-8670.940528
237,-8654.509954
238,-8640.571058
239,-8629.362547
240,-8620.779353
241,-8614.343221
242,-8609.215534
243,-8604.258312
244,-8598.145567
245,-8589.518354
246,-8577.165483
247,-8560.202232
248,-8538.216103
249,-8511.353978
250,-8480.337516
251,-8446.408891
252,-8411.221106
253,-8376.692512
254,-8344.843662
255,-8317.629615
256,-8296.776618
257,-8283.631623
258,-8279.036316
259,-8283.241624
260,-8295.879851
261,-8316.006501
262,-8342.212475
263,-8372.79267
264,-8405.944341
265,-8439.962489
266,-8473.402229
267,-8505.188437
268,-8534.666523
269,-8561.599571
270,-8586.122948
271,-8608.667661
272,-8629.861333
273,-8650.414349
274,-8671.000539
275,-8692.14639
276,-8714.14694
277,-8737.026377
278,-8760.554352
279,-8784.315893
280,-8807.818031
281,-8830.605545
282,-8852.356133
283,-8872.932766
284,-8892.38497
285,-8910.905511
286,-8928.758817
287,-8946.199772
288,-8963.397486
289,-8980.372243
290,-8996.94913
291,-9012.731251
292,-9027.098025
293,-9039.236751
294,-9048.214404
295,-9053.089389
296,-9053.051349
297,-9047.565535
298,-9036.492193
299,-9020.154065
300,-8999.336263
301,-8975.218503
302,-8949.254098
303,-8923.018279
304,-8898.048684
305,-8875.695459
306,-8856.991758
307,-8842.551501
308,-8832.501609
309,-8826.458884
310,-8823.56301
311,-8822.573123
312,-8822.024554
313,-8820.427755
314,-8816.47848
315,-8809.242528
316,-8798.282755
317,-8783.709228
318,-8766.150595
319,-8746.659603
320,-8726.573767
321,-8707.352678
322,-8690.409296
323,-8676.948223
324,-8667.822611
325,-8663.423557
326,-8663.618927
327,-8667.758071
328,-8674.751649
329,-8683.221841
330,-8691.701745
331,-8698.849706
332,-8703.639849
333,-8705.495979
334,-8704.350163
335,-8700.624413
336,-8695.147928
337,-8689.029589
338,-8683.505569
339,-8679.778368
340,-8678.86024
341,-8681.433629
342,-8687.743732
343,-8697.540526
344,-8710.085679
345,-8724.231247
346,-8738.563254
347,-8751.588404
348,-8761.93197
349,-8768.51318
350,-8770.671919
351,-8768.234238
352,-8761.518553
353,-8751.294108
354,-8738.705976
355,-8725.177901
356,-8712.299857
357,-8701.705268
358,-8694.945324
359,-8693.373331
360,-8698.056913
361,-8709.735809
362,-8728.836
363,-8755.538391
364,-8789.886881
365,-8831.91176
366,-8881.743403
367,-8939.697932
368,-9006.327259
369,-9082.43503
370,-9169.063129
371,-9267.449637
372,-9378.951573
373,-9504.919737
374,-9646.513191
375,-9804.44928
376,-9978.699435
377,-10168.15622
378,-10370.30767
379,-10580.9575
380,-10794.02551
381,-11001.45377
382,-11193.23706
383,-11357.59096
384,-11481.26967
385,-11550.04248
386,-11549.33167
387,-11464.99994
388,-11284.25648
389,-10996.62913
390,-10594.93318
391,-10076.15858
392,-9442.197775
393,-8700.346229
394,-7863.520377
395,-6950.152476
396,-5983.735907
397,-4992.011151
398,-4005.805256
399,-3057.568324
400,-2179.687793
401,-1402.698005
402,-753.5283582
403,-253.9384432
404,80.7298491
405,242.3891517
406,230.5798877
407,52.36495821
408,-278.2395822
409,-741.2590967
410,-1312.117102
411,-1963.262435
412,-2665.94337
413,-3391.978645
414,-4115.366192
415,-4813.587491
416,-5468.509475
417,-6066.847267
418,-6600.214111
419,-7064.833485
420,-7461.012007
421,-7792.469684
422,-8065.604322
423,-8288.742018
424,-8471.406063
425,-8623.627009
426,-8755.31525
427,-8875.718989
428,-8992.98934
429,-9113.867806
430,-9243.500018
431,-9385.366932
432,-9541.314944
433,-9711.662749
434,-9895.36544
435,-10090.22259
436,-10293.12216
437,-10500.31254
438,-10707.69068
439,-10911.08742
440,-11106.5274
441,-11290.44262
442,-11459.82752
443,-11612.3358
444,-11746.33037
445,-11860.90271
446,-11955.87425
447,-12031.78286
448,-12089.8465
449,-12131.8907
450,-12160.22853
451,-12177.49233
452,-12186.4297
453,-12189.68723
454,-12189.60846
455,-12188.0683
456,-12186.35666
457,-12185.11469
458,-12184.32254
459,-12183.33709
460,-12180.98116
461,-12175.68651
462,-12165.68781
463,-12149.25401
464,-12124.92991
465,-12091.75121
466,-12049.39529
467,-11998.24055
468,-11939.32521
469,-11874.21743
470,-11804.82381
471,-11733.16972
472,-11661.18169
473,-11590.49422
474,-11522.29502
475,-11457.21826
476,-11395.29432
477,-11335.9649
478,-11278.16971
479,-11220.50282
480,-11161.4235
481,-11099.49298
482,-11033.59913
483,-10963.13184
484,-10888.08137
485,-10809.04893
486,-10727.1758
487,-10644.00958
488,-10561.33076
489,-10480.96111
490,-10404.571
491,-10333.49995
492,-10268.60493
493,-10210.1536
494,-10157.78078
495,-10110.52287
496,-10066.93389
497,-10025.27149
498,-9983.72507
499,-9940.648503
500,-9894.759106
501,-9845.273601
502,-9791.966932
503,-9735.155327
504,-9675.616107
505,-9614.461495
506,-9552.983474
507,-9492.48504
508,-9434.11277
509,-9378.707709
510,-9326.694341
511,-9278.027538
512,-9232.211581
513,-9188.392946
514,-9145.512575
515,-9102.48921
516,-9058.398443
517,-9012.615045
518,-8964.89751
519,-8915.408972
520,-8864.68163
521,-8813.538899
522,-8762.99006
523,-8714.109337
524,-8667.908814
525,-8625.215177
526,-8586.563857
527,-8552.128036
528,-8521.700077
529,-8494.736317
530,-8470.463151
531,-8448.026759
532,-8426.65642
533,-8405.807002
534,-8385.251889
535,-8365.111117
536,-8345.81577
537,-8328.022635
538,-8312.499246
539,-8299.998782
540,-8291.139826
541,-8286.301766
542,-8285.54505
543,-8288.566753
544,-8294.703099
545,-8302.988072
546,-8312.26869
547,-8321.364296
548,-8329.243668
549,-8335.185478
550,-8338.888569
551,-8340.509045
552,-8340.618087
553,-8340.091834
554,-8339.956946
555,-8341.219716
556,-8344.703754
557,-8350.914769
558,-8359.944894
559,-8371.42551
560,-8384.5364
561,-8398.07737
562,-8410.603151
563,-8420.611924
564,-8426.764409
565,-8428.099023
566,-8424.204402
567,-8415.316516
568,-8402.322664
569,-8386.673975
570,-8370.225327
571,-8355.031424
572,-8343.128883
573,-8336.328646
574,-8336.035538
575,-8343.106269
576,-8357.755531
577,-8379.520641
578,-8407.294977
579,-8439.435472
580,-8473.938623
581,-8508.665444
582,-8541.583627
583,-8570.990112
584,-8595.681485
585,-8615.052054
586,-8629.115173
587,-8638.457019
588,-8644.139369
589,-8647.568614
590,-8650.344855
591,-8654.101629
592,-8660.346404
593,-8670.315046
594,-8684.857349
595,-8704.371615
596,-8728.800975
597,-8757.692659
598,-8790.307102
599,-8825.752061
600,-8863.11236
601,-8901.550562
602,-8940.365541
603,-8979.009749
604,-9017.0761
605,-9054.268708
606,-9090.368479
607,-9125.198663
608,-9158.590895
609,-9190.352123
610,-9220.236643
611,-9247.932402
612,-9273.072399
613,-9295.277825
614,-9314.23005
615,-9329.757424
616,-9341.915081
617,-9351.035175
618,-9357.732022
619,-9362.858802
620,-9367.424838
621,-9372.490101
622,-9379.054501
623,-9387.955014
624,-9399.777707
625,-9414.78805
626,-9432.883269
627,-9453.573921
628,-9476.004707
629,-9499.023161
630,-9521.297301
631,-9541.471304
632,-9558.336121
633,-9570.984882
634,-9578.924301
635,-9582.123052
636,-9580.992713
637,-9576.310848
638,-9569.104485
639,-9560.514038
640,-9551.654299
641,-9543.484226
642,-9536.694373
643,-9531.621361
644,-9528.201391
645,-9525.975659
646,-9524.156194
647,-9521.749952
648,-9517.724863
649,-9511.189232
650,-9501.55073
651,-9488.625605
652,-9472.681154
653,-9454.410252
654,-9434.849922
655,-9415.262567
656,-9396.998258
657,-9381.352097
658,-9369.426418
659,-9362.006538
660,-9359.461316
661,-9361.683521
662,-9368.085558
663,-9377.660248
664,-9389.104111
665,-9400.985739
666,-9411.930109
667,-9420.785938
668,-9426.748821
669,-9429.425524
670,-9428.83907
671,-9425.384719
672,-9419.750795
673,-9412.816456
674,-9405.534772
675,-9398.807673
676,-9393.361505
677,-9389.636979
678,-9387.711784
679,-9387.273852
680,-9387.656074
681,-9387.930266
682,-9387.044047
683,-9383.974147
684,-9377.867449
685,-9368.147119
686,-9354.572591
687,-9337.253923
688,-9316.628427
689,-9293.408856
690,-9268.509601
691,-9242.95434
692,-9217.768823
693,-9193.867089
694,-9171.946269
695,-9152.410124
696,-9135.340209
697,-9120.524455
698,-9107.538285
699,-9095.858634
700,-9084.982214
701,-9074.519731
702,-9064.247175
703,-9054.109585
704,-9044.186029
705,-9034.631788
706,-9025.613627
707,-9017.248889
708,-9009.553255
709,-9002.399248
710,-8995.489005
711,-8988.348792
712,-8980.355224
713,-8970.800537
714,-8958.995574
715,-8944.396839
716,-8926.733156
717,-8906.103064
718,-8883.018713
719,-8858.384548
720,-8833.414785
721,-8809.506818
722,-8788.093718
723,-8770.497419
724,-8757.797823
725,-8750.726405
726,-8749.589481
727,-8754.226787
728,-8764.01323
729,-8777.911377
730,-8794.576662
731,-8812.50647
732,-8830.212096
733,-8846.384228
734,-8860.022203
735,-8870.505696
736,-8877.602039
737,-8881.417608
738,-8882.312282
739,-8880.798629
740,-8877.443152
741,-8872.779489
742,-8867.237553
743,-8861.090927
744,-8854.42706
745,-8847.147847
746,-8839.007952
747,-8829.692343
748,-8818.923799
749,-8806.579809
750,-8792.791445
751,-8777.998363
752,-8762.944292
753,-8748.612706
754,-8736.117002
755,-8726.568025
756,-8720.941947
757,-8719.965355
758,-8724.026325
759,-8733.11464
760,-8746.793202
761,-8764.204957
762,-8784.121826
763,-8805.040405
764,-8825.32199
765,-8843.363486
766,-8857.775342
767,-8867.537592
768,-8872.107963
769,-8871.466326
770,-8866.093729
771,-8856.896665
772,-8845.09403
773,-8832.084352
774,-8819.306598
775,-8808.10317
776,-8799.591956
777,-8794.556416
778,-8793.366799
779,-8795.947743
780,-8801.80417
781,-8810.107637
782,-8819.831626
783,-8829.911695
784,-8839.400072
785,-8847.586868
786,-8854.070634
787,-8858.774958
788,-8861.919594
789,-8863.960193
790,-8865.509803
791,-8867.250906
792,-8869.842971
793,-8873.83038
794,-8879.55917
795,-8887.115894
796,-8896.303867
797,-8906.667892
798,-8917.568184
799,-8928.290833
800,-8938.171084
801,-8946.701678
802,-8953.603219
803,-8958.845274
804,-8962.62079
805,-8965.287076
806,-8967.290411
807,-8969.088563
808,-8971.079351
809,-8973.53827
810,-8976.567117
811,-8980.058647
812,-8983.686509
813,-8986.930759
814,-8989.144288
815,-8989.655042
816,-8987.887021
817,-8983.474989
818,-8976.347484
819,-8966.760693
820,-8955.278989
821,-8942.71114
822,-8930.01926
823,-8918.21832
824,-8908.278966
825,-8901.039694
826,-8897.130375
827,-8896.909896
828,-8900.425138
829,-8907.402683
830,-8917.284149
831,-8929.308677
832,-8942.633731
833,-8956.472828
834,-8970.221624
835,-8983.545194
836,-8996.409228
837,-9009.05245
838,-9021.911177
839,-9035.514911
840,-9050.372639
841,-9066.865143
842,-9085.153087
843,-9105.107419
844,-9126.268757
845,-9147.844419
846,-9168.751985
847,-9187.713737
848,-9203.396522
849,-9214.579452
850,-9220.322118
851,-9220.103003
852,-9213.903173
853,-9202.222576
854,-9186.030792
855,-9166.665628
856,-9145.698129
857,-9124.781476
858,-9105.497008
859,-9089.207047
860,-9076.924031
861,-9069.208379
862,-9066.110934
863,-9067.175524
864,-9071.510332
865,-9077.923659
866,-9085.104307
867,-9091.814895
868,-9097.06281
869,-9100.219702
870,-9101.074043
871,-9099.817155
872,-9096.975332
873,-9093.306154
874,-9089.676
875,-9086.931664
876,-9085.775752
877,-9086.655829
878,-9089.680466
879,-9094.578401
880,-9100.715754
881,-9107.178153
882,-9112.910666
883,-9116.893002
884,-9118.31649
885,-9116.727267
886,-9112.108221
887,-9104.887467
888,-9095.877979
889,-9086.165519
890,-9076.967084
891,-9069.480281
892,-9064.738894
893,-9063.485572
894,-9066.071427
895,-9072.393776
896,-9081.88425
897,-9093.556431
898,-9106.113522
899,-9118.10412
900,-9128.102253
901,-9134.881356
902,-9137.553524
903,-9135.654795
904,-9129.170516
905,-9118.50684
906,-9104.4212
907,-9087.925173
908,-9070.170009
909,-9052.322094
910,-9035.435722
911,-9020.334311
912,-9007.516345
913,-8997.104653
914,-8988.853779
915,-8982.219254
916,-8976.477548
917,-8970.87196
918,-8964.752999
919,-8957.684728
920,-8949.499836
921,-8940.300959
922,-8930.418157
923,-8920.338279
924,-8910.621013
925,-8901.811648
926,-8894.356273
927,-8888.524168
928,-8884.344969
929,-8881.572079
930,-8879.684925
931,-8877.937949
932,-8875.453902
933,-8871.346481
934,-8864.847832
935,-8855.414095
936,-8842.78829
937,-8827.012244
938,-8808.392787
939,-8787.436767
940,-8764.771532
941,-8741.063355
942,-8716.939852
943,-8692.918147
944,-8669.341032
945,-8646.327767
946,-8623.751042
947,-8601.252493
948,-8578.303312
949,-8554.304878
950,-8528.711293
951,-8501.146914
952,-8471.491534
953,-8439.914474
954,-8406.853065
955,-8372.945268
956,-8338.934852
957,-8305.568661
958,-8273.500522
959,-8243.209665
960,-8214.937088
961,-8188.643271
962,-8163.993726
963,-8140.381725
964,-8116.995975
965,-8092.933342
966,-8067.344379
967,-8039.58729
968,-8009.359324
969,-7976.777006
970,-7942.38779
971,-7907.111621
972,-7872.125765
973,-7838.71518
974,-7808.112055
975,-7781.344039
976,-7759.104884
977,-7741.657478
978,-7728.77871
979,-7719.756674
980,-7713.449784
981,-7708.411039
982,-7703.068431
983,-7695.937673
984,-7685.831769
985,-7672.028808
986,-7654.366958
987,-7633.251817
988,-7609.580647
989,-7584.60402
990,-7559.753465
991,-7536.462995
992,-7516.005757
993,-7499.35903
994,-7487.105216
995,-7479.374882
996,-7475.838643
997,-7475.754198
998,-7478.069716
999,-7481.574514
1000,-7485.075766
1001,-7487.571231
1002,-7488.387151
1003,-7487.258799
1004,-7484.345584
1005,-7480.187727
1006,-7475.62151
1007,-7471.672489
1008,-7469.442023
1009,-7469.996062
1010,-7474.260742
1011,-7482.929415
1012,-7496.389612
1013,-7514.682719
1014,-7537.509392
1015,-7564.28725
1016,-7594.255298
1017,-7626.606136
1018,-7660.618091
1019,-7695.758971
1020,-7731.741816
1021,-7768.527213
1022,-7806.280582
1023,-7845.301123
1024,-7885.939665
1025,-7928.517593
1026,-7973.252551
1027,-8020.192985
1028,-8069.164693
1029,-8119.736968
1030,-8171.219853
1031,-8222.703168
1032,-8273.140568
1033,-8321.469728
1034,-8366.74776
1035,-8408.274262
1036,-8445.676243
1037,-8478.93906
1038,-8508.381733
1039,-8534.587846
1040,-8558.310131
1041,-8580.366382
1042,-8601.538898
1043,-8622.483643
1044,-8643.652437
1045,-8665.232891
1046,-8687.114569
1047,-8708.892283
1048,-8729.914872
1049,-8749.379521
1050,-8766.459874
1051,-8780.445636
1052,-8790.866545
1053,-8797.576897
1054,-8800.787038
1055,-8801.04122
1056,-8799.151757
1057,-8796.104197
1058,-8792.947126
1059,-8790.676295
1060,-8790.119736
1061,-8791.831053
1062,-8796.002108
1063,-8802.410954
1064,-8810.42173
1065,-8819.04725
1066,-8827.072325
1067,-8833.22052
1068,-8836.334916
1069,-8835.539382
1070,-8830.352467
1071,-8820.73905
1072,-8807.099849
1073,-8790.210228
1074,-8771.124264
1075,-8751.058448
1076,-8731.265293
1077,-8712.904566
1078,-8696.921005
1079,-8683.94156
1080,-8674.208914
1081,-8667.567314
1082,-8663.509145
1083,-8661.27769
1084,-8660.007427
1085,-8658.873455
1086,-8657.220007
1087,-8654.645129
1088,-8651.031571
1089,-8646.527425
1090,-8641.489069
1091,-8636.401496
1092,-8631.788442
1093,-8628.120704
1094,-8625.729076
1095,-8624.72993
1096,-8624.975442
1097,-8626.043024
1098,-8627.276074
1099,-8627.878833
1100,-8627.054163
1101,-8624.159308
1102,-8618.846952
1103,-8611.160565
1104,-8601.564096
1105,-8590.902284
1106,-8580.30311
1107,-8571.042936
1108,-8564.396156
1109,-8561.48682
1110,-8563.154083
1111,-8569.84033
1112,-8581.511659
1113,-8597.623217
1114,-8617.142596
1115,-8638.639318
1116,-8660.436611
1117,-8680.806549
1118,-8698.176857
1119,-8711.312896
1120,-8719.443774
1121,-8722.315606
1122,-8720.17218
1123,-8713.677431
1124,-8703.800642
1125,-8691.684009
1126,-8678.506441
1127,-8665.352112
1128,-8653.090878
1129,-8642.280562
1130,-8633.105363
1131,-8625.365764
1132,-8618.529903
1133,-8611.844249
1134,-8604.48643
1135,-8595.730784
1136,-8585.092971
1137,-8572.425654
1138,-8557.950834
1139,-8542.230388
1140,-8526.088763
1141,-8510.506921
1142,-8496.504848
1143,-8485.024548
1144,-8476.820839
1145,-8472.36634
1146,-8471.779827
1147,-8474.79067
1148,-8480.752289
1149,-8488.711597
1150,-8497.529888
1151,-8506.037456
1152,-8513.194561
1153,-8518.229387
1154,-8520.730176
1155,-8520.681175
1156,-8518.445073
1157,-8514.703299
1158,-8510.367612
1159,-8506.473647
1160,-8504.063267
1161,-8504.061441
1162,-8507.156381
1163,-8513.697162
1164,-8523.627453
1165,-8536.473065
1166,-8551.392847
1167,-8567.288852
1168,-8582.957394
1169,-8597.253295
1170,-8609.238863
1171,-8618.296806
1172,-8624.198406
1173,-8627.1294
1174,-8627.681626
1175,-8626.817897
1176,-8625.81342
1177,-8626.173624
1178,-8629.528849
1179,-8637.511663
1180,-8651.630454
1181,-8673.159254
1182,-8703.064522
1183,-8741.983428
1184,-8790.256895
1185,-8848.008481
1186,-8915.251623
1187,-8992.005156
1188,-9078.399854
1189,-9174.763542
1190,-9281.674951
1191,-9399.975038
1192,-9530.720087
1193,-9675.058048
1194,-9834.012398
1195,-10008.16914
1196,-10197.28099
1197,-10399.82398
1198,-10612.55915
1199,-10830.15973
1200,-11044.96058
1201,-11246.87375
1202,-11423.49678
1203,-11560.42468
1204,-11641.76497
1205,-11650.84681
1206,-11571.10748
1207,-11387.12677
1208,-11085.76298
1209,-10657.32316
1210,-10096.68254
1211,-9404.256894
1212,-8586.73263
1213,-7657.470491
1214,-6636.519793
1215,-5550.204796
1216,-4430.270961
1217,-3312.604492
1218,-2235.565778
1219,-1238.009257
1220,-357.1005774
1221,373.9167839
1222,927.8192324
1223,1285.165866
1224,1435.545698
1225,1378.179605
1226,1121.820834
1227,683.9781351
1228,89.55671389
1229,-630.9376098
1230,-1443.461439
1231,-2312.593029
1232,-3203.629347
1233,-4084.481173
1234,-4927.248285
1235,-5709.384444
1236,-6414.397794
1237,-7032.075603
1238,-7558.267717
1239,-7994.302515
1240,-8346.134612
1241,-8623.330339
1242,-8837.98671
1243,-9003.659182
1244,-9134.352257
1245,-9243.611808
1246,-9343.750499
1247,-9445.234839
1248,-9556.25886
1249,-9682.520777
1250,-9827.203737
1251,-9991.142433
1252,-10173.13883
1253,-10370.37801
1254,-10578.89194
1255,-10794.02524
1256,-11010.86767
1257,-11224.63048
1258,-11430.95125
1259,-11626.11709
1260,-11807.19874
1261,-11972.09331
1262,-12119.48251
1263,-12248.7252
1264,-12359.71471
1265,-12452.73634
1266,-12528.35618
1267,-12587.35753
1268,-12630.72277
1269,-12659.64151
1270,-12675.51798
1271,-12679.95413
1272,-12674.69723
1273,-12661.55533
1274,-12642.29545
1275,-12618.54109
1276,-12591.68166
1277,-12562.79843
1278,-12532.60686
1279,-12501.41552
1280,-12469.10739
1281,-12435.15538
1282,-12398.68547
1283,-12358.59389
1284,-12313.71121
1285,-12262.99042
1286,-12205.68547
1287,-12141.48538
1288,-12070.57953
1289,-11993.64593
1290,-11911.77202
1291,-11826.32843
1292,-11738.8191
1293,-11650.72732
1294,-11563.37074
1295,-11477.77498
1296,-11394.57502
1297,-11313.957
1298,-11235.65422
1299,-11159.00779
1300,-11083.09138
1301,-11006.88459
1302,-10929.46521
1303,-10850.18373
1304,-10768.78639
1305,-10685.46532
1306,-10600.83178
1307,-10515.82461
1308,-10431.57541
1309,-10349.2542
1310,-10269.91538
1311,-10194.35864
1312,-10123.01614
1313,-10055.87689
1314,-9992.460406
1315,-9931.850617
1316,-9872.794963
1317,-9813.86182
1318,-9753.63546
1319,-9690.916658
1320,-9624.893666
1321,-9555.254203
1322,-9482.22263
1323,-9406.522723
1324,-9329.279781
1325,-9251.882536
1326,-9175.825314
1327,-9102.546917
1328,-9033.278707
1329,-8968.913083
1330,-8909.905191
1331,-8856.222849
1332,-8807.358502
1333,-8762.409689
1334,-8720.22124
1335,-8679.567336
1336,-8639.340307
1337,-8598.710483
1338,-8557.228859
1339,-8514.859277
1340,-8471.943669
1341,-8429.116781
1342,-8387.192204
1343,-8347.039702
1344,-8309.468229
1345,-8275.123813
1346,-8244.409328
1347,-8217.434208
1348,-8194.003403
1349,-8173.653088
1350,-8155.733457
1351,-8139.527685
1352,-8124.384843
1353,-8109.83829
1354,-8095.68342
1355,-8081.999282
1356,-8069.113837
1357,-8057.526576
1358,-8047.809836
1359,-8040.509781
1360,-8036.061418
1361,-8034.723827
1362,-8036.536085
1363,-8041.293463
1364,-8048.546314
1365,-8057.627231
1366,-8067.711651
1367,-8077.911334
1368,-8087.390242
1369,-8095.482737
1370,-8101.789268
1371,-8106.227961
1372,-8109.031128
1373,-8110.689796
1374,-8111.861466
1375,-8113.262062
1376,-8115.561388
1377,-8119.294935
1378,-8124.797866
1379,-8132.163154
1380,-8141.226304
1381,-8151.581682
1382,-8162.636575
1383,-8173.705201
1384,-8184.135627
1385,-8193.450813
1386,-8201.476084
1387,-8208.423875
1388,-8214.914411
1389,-8221.925817
1390,-8230.683669
1391,-8242.512161
1392,-8258.673362
1393,-8280.217462
1394,-8307.859093
1395,-8341.887187
1396,-8382.111783
1397,-8427.851319
1398,-8477.965978
1399,-8530.942548
1400,-8585.031138
1401,-8638.42369
1402,-8689.45229
1403,-8736.776576
1404,-8779.528635
1405,-8817.391562
1406,-8850.602025
1407,-8879.882631
1408,-8906.321389
1409,-8931.220285
1410,-8955.933498
1411,-8981.710946
1412,-9009.558443
1413,-9040.123992
1414,-9073.620548
1415,-9109.796625
1416,-9147.964048
1417,-9187.085055
1418,-9225.909733
1419,-9263.14308
1420,-9297.613358
1421,-9328.413214
1422,-9354.992595
1423,-9377.194968
1424,-9395.240894
1425,-9409.671042
1426,-9421.262658
1427,-9430.930796
1428,-9439.621939
1429,-9448.206403
1430,-9457.378323
1431,-9467.576647
1432,-9478.94359
1433,-9491.334532
1434,-9504.383826
1435,-9517.616454
1436,-9530.581278
1437,-9542.973693
1438,-9554.717354
1439,-9565.986113
1440,-9577.163829
1441,-9588.755178
1442,-9601.269542
1443,-9615.100943
1444,-9630.421793
1445,-9647.10131
1446,-9664.654815
1447,-9682.229168
1448,-9698.631034
1449,-9712.404791
1450,-9721.962398
1451,-9725.7576
1452,-9722.48418
1453,-9711.267698
1454,-9691.816887
1455,-9664.506851
1456,-9630.379774
1457,-9591.065249
1458,-9548.635955
1459,-9505.421292
1460,-9463.80154
1461,-9426.001037
1462,-9393.894846
1463,-9368.842293
1464,-9351.562882
1465,-9342.072516
1466,-9339.696492
1467,-9343.167269
1468,-9350.799864
1469,-9360.720513
1470,-9371.110887
1471,-9380.426121
1472,-9387.551758
1473,-9391.880151
1474,-9393.305225
1475,-9392.14937
1476,-9389.044034
1477,-9384.786046
1478,-9380.188211
1479,-9375.939043
1480,-9372.485099
1481,-9369.950008
1482,-9368.104368
1483,-9366.396673
1484,-9364.045933
1485,-9360.183238
1486,-9354.016734
1487,-9344.987346
1488,-9332.884304
1489,-9317.899817
1490,-9300.617649
1491,-9281.944952
1492,-9263.005743
1493,-9245.015807
1494,-9229.154563
1495,-9216.443549
1496,-9207.637716
1497,-9203.136253
1498,-9202.923182
1499,-9206.550649
1500,-9213.175872
1501,-9221.654427
1502,-9230.679912
1503,-9238.947774
1504,-9245.314323
1505,-9248.923423
1506,-9249.282595
1507,-9246.283339
1508,-9240.172205
1509,-9231.485548
1510,-9220.961334
1511,-9209.438133
1512,-9197.748377
1513,-9186.612771
1514,-9176.545894
1515,-9167.787273
1516,-9160.273712
1517,-9153.664168
1518,-9147.417604
1519,-9140.91027
1520,-9133.567041
1521,-9124.976788
1522,-9114.966385
1523,-9103.620259
1524,-9091.247655
1525,-9078.312088
1526,-9065.342807
1527,-9052.845896
1528,-9041.226096
1529,-9030.723935
1530,-9021.369973
1531,-9012.959605
1532,-9005.0554
1533,-8997.025276
1534,-8988.120775
1535,-8977.590184
1536,-8964.809726
1537,-8949.407635
1538,-8931.354739
1539,-8911.00248
1540,-8889.06253
1541,-8866.536093
1542,-8844.610234
1543,-8824.540224
1544,-8807.532089
1545,-8794.632275
1546,-8786.62645
1547,-8783.949712
1548,-8786.6154
1549,-8794.175836
1550,-8805.73051
1551,-8819.992531
1552,-8835.412544
1553,-8850.345109
1554,-8863.230985
1555,-8872.764736
1556,-8878.021863
1557,-8878.53098
1558,-8874.289506
1559,-8865.730765
1560,-8853.654082
1561,-8839.128177
1562,-8823.375405
1563,-8807.643444
1564,-8793.073759
1565,-8780.581329
1566,-8770.764312
1567,-8763.861447
1568,-8759.767139
1569,-8758.101082
1570,-8758.315554
1571,-8759.814681
1572,-8762.059416
1573,-8764.639654
1574,-8767.307023
1575,-8769.97306
1576,-8772.683373
1577,-8775.578003
1578,-8778.844133
1579,-8782.663307
1580,-8787.154865
1581,-8792.320978
1582,-8798.004429
1583,-8803.873935
1584,-8809.449548
1585,-8814.1716
1586,-8817.503586
1587,-8819.047591
1588,-8818.645501
1589,-8816.442485
1590,-8812.899777
1591,-8808.756882
1592,-8804.953843
1593,-8802.528685
1594,-8802.503946
1595,-8805.772187
1596,-8812.987373
1597,-8824.469473
1598,-8840.133379
1599,-8859.457324
1600,-8881.50614
1601,-8905.017806
1602,-8928.548502
1603,-8950.65585
1604,-8970.088315
1605,-8985.945677
1606,-8997.782394
1607,-9005.640012
1608,-9010.010812
1609,-9011.746812
1610,-9011.933166
1611,-9011.743705
1612,-9012.292509
1613,-9014.492874
1614,-9018.935681
1615,-9025.802233
1616,-9034.828554
1617,-9045.335248
1618,-9056.327104
1619,-9066.65156
1620,-9075.189745
1621,-9081.044054
1622,-9083.686164
1623,-9083.03943
1624,-9079.486079
1625,-9073.806285
1626,-9067.067422
1627,-9060.485046
1628,-9055.274
1629,-9052.502643
1630,-9052.959712
1631,-9057.043784
1632,-9064.68842
1633,-9075.338197
1634,-9087.987946
1635,-9101.288097
1636,-9113.705154
1637,-9123.712996
1638,-9129.982956
1639,-9131.541705
1640,-9127.875139
1641,-9118.969952
1642,-9105.2968
1643,-9087.745939
1644,-9067.527087
1645,-9046.042764
1646,-9024.742499
1647,-9004.966825
1648,-8987.795275
1649,-8973.918857
1650,-8963.560526
1651,-8956.463161
1652,-8951.952712
1653,-8949.06754
1654,-8946.729255
1655,-8943.921283
1656,-8939.842112
1657,-8934.009642
1658,-8926.306872
1659,-8916.971505
1660,-8906.539068
1661,-8895.750599
1662,-8885.43461
1663,-8876.372701
1664,-8869.16099
1665,-8864.084939
1666,-8861.029982
1667,-8859.450396
1668,-8858.4113
1669,-8856.704211
1670,-8853.019392
1671,-8846.144325
1672,-8835.151834
1673,-8819.545503
1674,-8799.341821
1675,-8775.083039
1676,-8747.786664
1677,-8718.843839
1678,-8689.87981
1679,-8662.588409
1680,-8638.552344
1681,-8619.064201
1682,-8604.968418
1683,-8596.548785
1684,-8593.484788
1685,-8594.890981
1686,-8599.43769
1687,-8605.533877
1688,-8611.539896
1689,-8615.9737
1690,-8617.679607
1691,-8615.940874
1692,-8610.530869
1693,-8601.707362
1694,-8590.158469
1695,-8576.908442
1696,-8563.190412
1697,-8550.294716
1698,-8539.406599
1699,-8531.453978
1700,-8526.990398
1701,-8526.136185
1702,-8528.590573
1703,-8533.711539
1704,-8540.643811
1705,-8548.464789
1706,-8556.316794
1707,-8563.501916
1708,-8569.529151
1709,-8574.116762
1710,-8577.161284
1711,-8578.686511
1712,-8578.782995
1713,-8577.544664
1714,-8575.00764
1715,-8571.098414
1716,-8565.602411
1717,-8558.16582
1718,-8548.339702
1719,-8535.665218
1720,-8519.785541
1721,-8500.559256
1722,-8478.146681
1723,-8453.046398
1724,-8426.072131
1725,-8398.275119
1726,-8370.828625
1727,-8344.895839
1728,-8321.50011
1729,-8301.410411
1730,-8285.049398
1731,-8272.429428
1732,-8263.123741
1733,-8256.28267
1734,-8250.704004
1735,-8244.959449
1736,-8237.566317
1737,-8227.179493
1738,-8212.769392
1739,-8193.751614
1740,-8170.044022
1741,-8142.044075
1742,-8110.53731
1743,-8076.560821
1744,-8041.249799
1745,-8005.691323
1746,-7970.801363
1747,-7937.233214
1748,-7905.321477
1749,-7875.065414
1750,-7846.156418
1751,-7818.052579
1752,-7790.096405
1753,-7761.660807
1754,-7732.297559
1755,-7701.857072
1756,-7670.551985
1757,-7638.949579
1758,-7607.895439
1759,-7578.386763
1760,-7551.422725
1761,-7527.858993
1762,-7508.285876
1763,-7492.939618
1764,-7481.649026
1765,-7473.817683
1766,-7468.444349
1767,-7464.187126
1768,-7459.476008
1769,-7452.671385
1770,-7442.254062
1771,-7427.020482
1772,-7406.250404
1773,-7379.817247
1774,-7348.22305
1775,-7312.55626
1776,-7274.38526
1777,-7235.60864
1778,-7198.283525
1779,-7164.448146
1780,-7135.949048
1781,-7114.28098
1782,-7100.45006
1783,-7094.875982
1784,-7097.352218
1785,-7107.079798
1786,-7122.778684
1787,-7142.863869
1788,-7165.657215
1789,-7189.597309
1790,-7213.411605
1791,-7236.226814
1792,-7257.609614
1793,-7277.544325
1794,-7296.362568
1795,-7314.641538
1796,-7333.084937
1797,-7352.397548
1798,-7373.163888
1799,-7395.743743
1800,-7420.200311
1801,-7446.276571
1802,-7473.429474
1803,-7500.919798
1804,-7527.94143
1805,-7553.762842
1806,-7577.850227
1807,-7599.947748
1808,-7620.102981
1809,-7638.639981
1810,-7656.09303
1811,-7673.118224
1812,-7690.398185
1813,-7708.550415
1814,-7728.045834
1815,-7749.143291
1816,-7771.847952
1817,-7795.903798
1818,-7820.829162
1819,-7845.997284
1820,-7870.752212
1821,-7894.538461
1822,-7917.015922
1823,-7938.133395
1824,-7958.144695
1825,-7977.566744
1826,-7997.09318
1827,-8017.484717
1828,-8039.456944
1829,-8063.579845
1830,-8090.19566
1831,-8119.357207
1832,-8150.789129
1833,-8183.878417
1834,-8217.703932
1835,-8251.113453
1836,-8282.849063
1837,-8311.709088
1838,-8336.722201
1839,-8357.301947
1840,-8373.351473
1841,-8385.298475
1842,-8394.055716
1843,-8400.917267
1844,-8407.410262
1845,-8415.124548
1846,-8425.539943
1847,-8439.866221
1848,-8458.907971
1849,-8482.966334
1850,-8511.790948
1851,-8544.594577
1852,-8580.136979
1853,-8616.872948
1854,-8653.145401
1855,-8687.392784
1856,-8718.335728
1857,-8745.112727
1858,-8767.347251
1859,-8785.14425
1860,-8799.027114
1861,-8809.832893
1862,-8818.583992
1863,-8826.351255
1864,-8834.120255
1865,-8842.672137
1866,-8852.492462
1867,-8863.723422
1868,-8876.172633
1869,-8889.383204
1870,-8902.755992
1871,-8915.700503
1872,-8927.781332
1873,-8938.826653
1874,-8948.974862
1875,-8958.651952
1876,-8968.489736
1877,-8979.207547
1878,-8991.484002
1879,-9005.8413
1880,-9022.556083
1881,-9041.602714
1882,-9062.630306
1883,-9084.974266
1884,-9107.704172
1885,-9129.708815
1886,-9149.814203
1887,-9166.921739
1888,-9180.145331
1889,-9188.922121
1890,-9193.074762
1891,-9192.813655
1892,-9188.681687
1893,-9181.456613
1894,-9172.032643
1895,-9161.301687
1896,-9150.048242
1897,-9138.864495
1898,-9128.08778
1899,-9117.762938
1900,-9107.635668
1901,-9097.185716
1902,-9085.706527
1903,-9072.429034
1904,-9056.673991
1905,-9038.005004
1906,-9016.349034
1907,-8992.055825
1908,-8965.881688
1909,-8938.90142
1910,-8912.368389
1911,-8887.551589
1912,-8865.578092
1913,-8847.302143
1914,-8833.212557
1915,-8823.382629
1916,-8817.463381
1917,-8814.720812
1918,-8814.117607
1919,-8814.436212
1920,-8814.432471
1921,-8812.999492
1922,-8809.314534
1923,-8802.941485
1924,-8793.869568
1925,-8782.483157
1926,-8769.473288
1927,-8755.712799
1928,-8742.120521
1929,-8729.535704
1930,-8718.615526
1931,-8709.760946
1932,-8703.072529
1933,-8698.338539
1934,-8695.059804
1935,-8692.515789
1936,-8689.871207
1937,-8686.312776
1938,-8681.194969
1939,-8674.166714
1940,-8665.251858
1941,-8654.865679
1942,-8643.764899
1943,-8632.944081
1944,-8623.501406
1945,-8616.498799
1946,-8612.836263
1947,-8613.151886
1948,-8617.751903
1949,-8626.572186
1950,-8639.173594
1951,-8654.77577
1952,-8672.333341
1953,-8690.652583
1954,-8708.536684
1955,-8724.937707
1956,-8739.088093
1957,-8750.587026
1958,-8759.427086
1959,-8765.960565
1960,-8770.817512
1961,-8774.794494
1962,-8778.732987
1963,-8783.401529
1964,-8789.390285
1965,-8797.023996
1966,-8806.300442
1967,-8816.864748
1968,-8828.031295
1969,-8838.861093
1970,-8848.292333
1971,-8855.308135
1972,-8859.11342
1973,-8859.287451
1974,-8855.882599
1975,-8849.452264
1976,-8841.007072
1977,-8831.912586
1978,-8823.749279
1979,-8818.155594
1980,-8816.670126
1981,-8820.583725
1982,-8830.810075
1983,-8847.785
1984,-8871.408121
1985,-8901.041507
1986,-8935.575167
1987,-8973.557887
1988,-9013.377169
1989,-9053.459086
1990,-9092.453
1991,-9129.369801
1992,-9163.654372
1993,-9195.18865
1994,-9224.235223
1995,-9251.33879
1996,-9277.203649
1997,-9302.562248
1998,-9328.046544
1999,-9354.073001
2000,-9380.753727
2001,-9407.848189
2002,-9434.768623
2003,-9460.645175
2004,-9484.444641
2005,-9505.12324
2006,-9521.784529
2007,-9533.812346
2008,-9540.956368
2009,-9543.361652
2010,-9541.54774
2011,-9536.352232
2012,-9528.855511
2013,-9520.298862
2014,-9512.001729
2015,-9505.279769
2016,-9501.36618
2017,-9501.343741
2018,-9506.100262
2019,-9516.321306
2020,-9532.528115
2021,-9555.157079
2022,-9584.664164
2023,-9621.629087
2024,-9666.833365
2025,-9721.293731
2026,-9786.244031
2027,-9863.069288
2028,-9953.200355
2029,-10057.97579
2030,-10178.47193
2031,-10315.29789
2032,-10468.35315
2033,-10636.55407
2034,-10817.54812
2035,-11007.44779
2036,-11200.62302
2037,-11389.58867
2038,-11565.01376
2039,-11715.86487
2040,-11829.68342
2041,-11892.98856
2042,-11891.79548
2043,-11812.23902
2044,-11641.29134
2045,-11367.55442
2046,-10982.09518
2047,-10479.27488
2048,-9857.512286
2049,-9119.915146
2050,-8274.719071
2051,-7335.485428
2052,-6321.025024
2053,-5255.028692
2054,-4165.396703
2055,-3083.26812
2056,-2041.763941
2057,-1074.479973
2058,-213.7989683
2059,510.8689107
2060,1074.775259
2061,1459.297515
2062,1653.037869
2063,1652.455528
2064,1461.983135
2065,1093.631985
2066,566.1366763
2067,-96.27786527
2068,-865.4055947
2069,-1710.734232
2070,-2601.169472
2071,-3506.688695
2072,-4399.807862
2073,-5256.76186
2074,-6058.330244
2075,-6790.282809
2076,-7443.463618
2077,-8013.567582
2078,-8500.682331
2079,-8908.668065
2080,-9244.434932
2081,-9517.161282
2082,-9737.486226
2083,-9916.709609
2084,-10066.03869
2085,-10195.92627
2086,-10315.54327
2087,-10432.41666
2088,-10552.24362
2089,-10678.86964
2090,-10814.39984
2091,-10959.40284
2092,-11113.16728
2093,-11273.97961
2094,-11439.40201
2095,-11606.53809
2096,-11772.27666
2097,-11933.50411
2098,-12087.27519
2099,-12230.9353
2100,-12362.1948
2101,-12479.16591
2102,-12580.38062
2103,-12664.80903
2104,-12731.88992
2105,-12781.57138
2106,-12814.34586
2107,-12831.25609
2108,-12833.85123
2109,-12824.08494
2110,-12804.16349
2111,-12776.36584
2112,-12742.86268
2113,-12705.55734
2114,-12665.96171
2115,-12625.11061
2116,-12583.51365
2117,-12541.14455
2118,-12497.47318
2119,-12451.54839
2120,-12402.13605
2121,-12347.90571
2122,-12287.64423
2123,-12220.46214
2124,-12145.95508
2125,-12064.29001
2126,-11976.2027
2127,-11882.91317
2128,-11785.98103
2129,-11687.12994
2130,-11588.06798
2131,-11490.32322
2132,-11395.10623
2133,-11303.20665
2134,-11214.93104
2135,-11130.0904
2136,-11048.04499
2137,-10967.80777
2138,-10888.19675
2139,-10808.01389
2140,-10726.21992
2141,-10642.07374
2142,-10555.21378
2143,-10465.67298
2144,-10373.83436
2145,-10280.34472
2146,-10186.00732
2147,-10091.67121
2148,-9998.12903
2149,-9906.030509
2150,-9815.817631
2151,-9727.68913
2152,-9641.603431
2153,-9557.326701
2154,-9474.524415
2155,-9392.882669
2156,-9312.23399
2157,-9232.657109
2158,-9154.524413
2159,-9078.483854
2160,-9005.379519
2161,-8936.130248
2162,-8871.593463
2163,-8812.439965
2164,-8759.057476
2165,-8711.490861
2166,-8669.419577
2167,-8632.170227
2168,-8598.762978
2169,-8567.992021
2170,-8538.538515
2171,-8509.108199
2172,-8478.576934
2173,-8446.120241
2174,-8411.301886
2175,-8374.103633
2176,-8334.891873
2177,-8294.331873
2178,-8253.271333
2179,-8212.617671
2180,-8173.228452
2181,-8135.825122
2182,-8100.931945
2183,-8068.838112
2184,-8039.582203
2185,-8012.961867
2186,-7988.573852
2187,-7965.886887
2188,-7944.341945
2189,-7923.464108
2190,-7902.962459
2191,-7882.793623
2192,-7863.172146
2193,-7844.52492
2194,-7827.40189
2195,-7812.365881
2196,-7799.886697
2197,-7790.259167
2198,-7783.554981
2199,-7779.608722
2200,-7778.033119
2201,-7778.258059
2202,-7779.590519
2203,-7781.294437
2204,-7782.687684
2205,-7783.247158
2206,-7782.70547
2207,-7781.118121
2208,-7778.882077
2209,-7776.696086
2210,-7775.467099
2211,-7776.180468
2212,-7779.758982
2213,-7786.934987
2214,-7798.152528
2215,-7813.506931
2216,-7832.722087
2217,-7855.163197
2218,-7879.88418
2219,-7905.711073
2220,-7931.361547
2221,-7955.594364
2222,-7977.372457
2223,-7996.013968
2224,-8011.301814
2225,-8023.527192
2226,-8033.455472
2227,-8042.219838
2228,-8051.163155
2229,-8061.656589
2230,-8074.923051
2231,-8091.886705
2232,-8113.060953
2233,-8138.480598
2234,-8167.681179
2235,-8199.728631
2236,-8233.302355
2237,-8266.831095
2238,-8298.672477
2239,-8327.315613
2240,-8351.57649
2241,-8370.752577
2242,-8384.708869
2243,-8393.881391
2244,-8399.20148
2245,-8401.959161
2246,-8403.631971
2247,-8405.70558
2248,-8409.507
2249,-8416.064201
2250,-8426.001312
2251,-8439.477399
2252,-8456.177461
2253,-8475.36296
2254,-8495.982861
2255,-8516.834658
2256,-8536.751683
2257,-8554.783541
2258,-8570.335327
2259,-8583.239861
2260,-8593.753045
2261,-8602.480217
2262,-8610.254854
2263,-8617.996287
2264,-8626.570268
2265,-8636.668654
2266,-8648.716934
2267,-8662.814128
2268,-8678.709443
2269,-8695.821365
2270,-8713.304041
2271,-8730.160052
2272,-8745.388788
2273,-8758.148982
2274,-8767.907403
2275,-8774.546366
2276,-8778.411061
2277,-8780.290834
2278,-8781.341619
2279,-8782.965366
2280,-8786.664549
2281,-8793.887189
2282,-8805.873735
2283,-8823.515019
2284,-8847.231963
2285,-8876.8916
2286,-8911.776642
2287,-8950.623419
2288,-8991.733568
2289,-9033.150399
2290,-9072.876149
2291,-9109.096737
2292,-9140.379636
2293,-9165.818057
2294,-9185.107613
2295,-9198.554757
2296,-9207.025135
2297,-9211.843207
2298,-9214.653718
2299,-9217.254602
2300,-9221.412348
2301,-9228.675591
2302,-9240.208551
2303,-9256.669127
2304,-9278.153265
2305,-9304.216517
2306,-9333.968041
2307,-9366.216928
2308,-9399.641125
2309,-9432.948449
2310,-9465.006582
2311,-9494.930711
2312,-9522.128234
2313,-9546.306169
2314,-9567.447758
2315,-9585.762999
2316,-9601.616767
2317,-9615.440339
2318,-9627.637463
2319,-9638.501988
2320,-9648.166626
2321,-9656.598203
2322,-9663.643695
2323,-9669.116597
2324,-9672.900288
2325,-9675.039309
2326,-9675.793266
2327,-9675.639843
2328,-9675.228375
2329,-9675.297619
2330,-9676.576792
2331,-9679.687334
2332,-9685.056962
2333,-9692.851644
2334,-9702.928393
2335,-9714.81301
2336,-9727.709849
2337,-9740.5514
2338,-9752.091007
2339,-9761.032465
2340,-9766.178855
2341,-9766.574897
2342,-9761.616054
2343,-9751.104932
2344,-9735.248455
2345,-9714.602845
2346,-9689.982355
2347,-9662.34983
2348,-9632.703581
2349,-9601.969822
2350,-9570.906542
2351,-9540.02521
2352,-9509.540061
2353,-9479.357465
2354,-9449.116098
2355,-9418.279969
2356,-9386.272802
2357,-9352.628706
2358,-9317.126495
2359,-9279.87708
2360,-9241.34466
2361,-9202.298799
2362,-9163.709855
2363,-9126.609501
2364,-9091.939819
2365,-9060.410534
2366,-9032.378533
2367,-9007.760136
2368,-8985.985967
2369,-8966.009099
2370,-8946.375978
2371,-8925.36334
2372,-8901.17235
2373,-8872.156585
2374,-8837.048674
2375,-8795.14632
2376,-8746.424529
2377,-8691.555581
2378,-8631.836935
2379,-8569.043682
2380,-8505.231825
2381,-8442.520319
2382,-8382.875864
2383,-8327.918946
2384,-8278.765924
2385,-8235.921297
2386,-8199.234617
2387,-8167.934281
2388,-8140.742348
2389,-8116.060603
2390,-8092.201952
2391,-8067.628907
2392,-8041.157533
2393,-8012.092753
2394,-7980.277086
2395,-7946.054323
2396,-7910.165695
2397,-7873.604481
2398,-7837.454929
2399,-7802.736056
2400,-7770.264742
2401,-7740.549018
2402,-7713.721952
2403,-7689.526782
2404,-7667.361203
2405,-7646.380785
2406,-7625.649266
2407,-7604.310765
2408,-7581.750958
2409,-7557.714713
2410,-7532.357414
2411,-7506.223251
2412,-7480.160585
2413,-7455.196323
2414,-7432.394717
2415,-7412.721936
2416,-7396.930051
2417,-7385.467239
2418,-7378.41811
2419,-7375.478843
2420,-7375.973565
2421,-7378.917419
2422,-7383.125737
2423,-7387.358793
2424,-7390.481192
2425,-7391.608734
2426,-7390.216806
2427,-7386.193342
2428,-7379.83307
2429,-7371.782583
2430,-7362.952823
2431,-7354.415299
2432,-7347.292924
2433,-7342.650449
2434,-7341.387037
2435,-7344.136234
2436,-7351.184579
2437,-7362.425027
2438,-7377.360586
2439,-7395.165239
2440,-7414.795485
2441,-7435.132227
2442,-7455.124731
2443,-7473.909261
2444,-7490.884136
2445,-7505.736177
2446,-7518.425435
2447,-7529.141136
2448,-7538.241442
2449,-7546.185376
2450,-7553.461431
2451,-7560.516897
2452,-7567.695254
2453,-7575.193401
2454,-7583.051927
2455,-7591.18682
2456,-7599.460014
2457,-7607.772668
2458,-7616.154934
2459,-7624.824035
2460,-7634.190591
2461,-7644.808428
2462,-7657.279881
2463,-7672.140207
2464,-7689.7475
2465,-7710.19895
2466,-7733.284247
2467,-7758.477414
2468,-7784.962998
2469,-7811.692094
2470,-7837.465926
2471,-7861.045904
2472,-7881.285954
2473,-7897.275511
2474,-7908.472936
2475,-7914.80427
2476,-7916.704782
2477,-7915.091231
2478,-7911.267807
2479,-7906.78288
2480,-7903.261718
2481,-7902.240264
2482,-7905.018439
2483,-7912.542689
2484,-7925.321111
2485,-7943.373003
2486,-7966.21734
2487,-7992.90785
2488,-8022.121617
2489,-8052.30097
2490,-8081.836012
2491,-8109.262383
2492,-8133.441193
2493,-8153.689494
2494,-8169.840255
2495,-8182.22695
2496,-8191.603503
2497,-8199.020317
2498,-8205.679148
2499,-8212.785571
2500,-8221.411656
2501,-8232.377316
2502,-8246.158279
2503,-8262.830622
2504,-8282.062879
2505,-8303.163382
2506,-8325.181436
2507,-8347.048581
2508,-8367.735294
2509,-8386.393857
2510,-8402.46228
2511,-8415.715591
2512,-8426.265078
2513,-8434.517168
2514,-8441.107828
2515,-8446.825579
2516,-8452.530061
2517,-8459.068399
2518,-8467.19142
2519,-8477.476128
2520,-8490.266567
2521,-8505.647807
2522,-8523.463807
2523,-8543.379476
2524,-8564.973921
2525,-8587.841284
2526,-8611.672349
2527,-8636.295963
2528,-8661.67211
2529,-8687.843087
2530,-8714.859845
2531,-8742.703738
2532,-8771.220052
2533,-8800.072411
2534,-8828.720954
2535,-8856.424795
2536,-8882.270689
2537,-8905.232106
2538,-8924.262286
2539,-8938.418868
2540,-8947.007363
2541,-8949.720098
2542,-8946.741392
2543,-8938.79231
2544,-8927.099587
2545,-8913.289996
2546,-8899.227652
2547,-8886.822137
2548,-8877.836941
2549,-8873.721862
2550,-8875.483452
2551,-8883.599072
2552,-8897.975489
2553,-8917.952441
2554,-8942.352561
2555,-8969.577796
2556,-8997.746764
2557,-9024.858509
2558,-9048.959634
2559,-9068.288708
2560,-9081.376958
2561,-9087.096742
2562,-9084.664793
2563,-9073.619481
2564,-9053.795319
2565,-9025.312238
2566,-8988.584834
2567,-8944.343362
2568,-8893.649354
2569,-8837.887593
2570,-8778.722369
2571,-8718.015859
2572,-8657.71563
